29092020,73.7267
28092020,73.7151
27092020,73.6784
26092020,73.6784
25092020,73.6784
24092020,73.9498
23092020,73.5413
22092020,73.477
21092020,73.5514
20092020,73.535
19092020,73.535
18092020,73.535
17092020,73.6297
16092020,73.5247
15092020,73.5961
14092020,73.5445
13092020,73.598
12092020,73.598
11092020,73.598
10092020,73.4526
09092020,73.5637
08092020,73.9126
07092020,73.451
06092020,73.1954
05092020,73.1954
04092020,73.1954
03092020,73.5304
02092020,73.2
01092020,72.9194
31082020,73.2567
30082020,73.1956
29082020,73.1956
28082020,73.1956
27082020,73.9162
26082020,74.3176
25082020,74.2479
24082020,74.088
23082020,74.9409
22082020,74.9409
21082020,74.9409
20082020,75.0987
19082020,74.8479
18082020,74.6506
17082020,74.8245
16082020,74.8904
15082020,74.8904
14082020,74.8904
13082020,74.8449
12082020,74.8033
11082020,74.5667
10082020,74.9065
09082020,75.0047
08082020,75.0047
07082020,75.0047
06082020,74.9514
05082020,74.8347
04082020,75.1215
03082020,75.2008
02082020,74.8105
01082020,74.8105
31072020,74.8105
30072020,74.8872
29072020,74.7923
28072020,74.8605
27072020,74.7321
26072020,74.8329
25072020,74.8329
24072020,74.8329
23072020,74.8353
22072020,74.5276
21072020,74.6137
20072020,74.8039
19072020,74.965
18072020,74.965
17072020,74.965
16072020,75.2195
15072020,75.1232
14072020,75.4044
13072020,75.2193
12072020,75.2403
11072020,75.2403
10072020,75.2403
09072020,74.9828
08072020,75.0004
07072020,74.8136
06072020,74.5726
05072020,74.6801
04072020,74.6801
03072020,74.6801
02072020,74.7422
01072020,75.5554
30062020,75.5702
29062020,75.4981
28062020,75.6457
27062020,75.6457
26062020,75.6457
25062020,75.6357
24062020,75.6458
23062020,75.4886
22062020,76.0354
21062020,76.1392
20062020,76.1392
19062020,76.1392
18062020,76.3438
17062020,76.1668
16062020,76.0948
15062020,76.0042
14062020,75.8913
13062020,75.8913
12062020,75.8913
11062020,75.8345
10062020,75.5191
09062020,75.5344
08062020,75.5348
07062020,75.5781
06062020,75.5781
05062020,75.5781
04062020,75.4951
03062020,75.4918
02062020,75.2094
01062020,75.511
31052020,75.5231
30052020,75.5231
29052020,75.5231
28052020,75.7657
27052020,75.7392
26052020,75.5599
25052020,75.8868
24052020,75.868
23052020,75.868
22052020,75.868
21052020,75.5041
20052020,75.6192
19052020,75.6653
18052020,75.8341
17052020,75.9293
16052020,75.9293
15052020,75.9293
14052020,75.6042
13052020,75.2943
12052020,75.1455
11052020,75.8463
10052020,75.5893
09052020,75.5893
08052020,75.5893
07052020,75.8309
06052020,75.8596
05052020,75.7572
04052020,75.6598
03052020,75.0375
02052020,75.0375
01052020,75.0375
30042020,75.0375
29042020,75.6516
28042020,75.8683
27042020,76.133
26042020,76.2648
25042020,76.2648
24042020,76.2648
23042020,76.0676
22042020,76.5331
21042020,76.9364
20042020,76.5594
19042020,76.4793
18042020,76.4793
17042020,76.4793
16042020,76.8782
15042020,76.5055
14042020,76.1598
13042020,76.3113
12042020,76.3113
11042020,76.3113
10042020,76.3113
09042020,76.3113
08042020,76.2331
07042020,75.5645
06042020,76.0875
05042020,76.2318
04042020,76.2318
03042020,76.2318
02042020,76.4038
01042020,76.4451
31032020,75.6649
30032020,75.6752
29032020,75.4938
28032020,75.4938
27032020,75.4938
26032020,75.1612
25032020,76.3822
24032020,75.955
23032020,76.162
22032020,75.1518
21032020,75.1518
20032020,75.1518
19032020,75.1227
18032020,74.2048
17032020,74.2734
16032020,74.2202
15032020,73.736
14032020,73.736
13032020,73.736
12032020,74.2598
11032020,73.6781
10032020,73.8455
09032020,74.162
08032020,73.735
07032020,73.735
06032020,73.735
05032020,73.4361
04032020,73.2607
03032020,73.2473
02032020,72.754
01032020,72.2283
29022020,72.2283
28022020,72.2283
27022020,71.6326
26022020,71.6501
25022020,71.7011
24022020,71.9417
23022020,71.9878
22022020,71.9878
21022020,71.9878
20022020,71.6168
19022020,71.5134
18022020,71.5514
17022020,71.3816
16022020,71.4499
15022020,71.4499
14022020,71.4499
13022020,71.2704
12022020,71.3162
11022020,71.2728
10022020,71.3241
09022020,71.44
08022020,71.44
07022020,71.44
06022020,71.1483
05022020,71.154
04022020,71.2455
03022020,71.393
02022020,71.3948
01022020,71.3948
31012020,71.3948
30012020,71.6393
29012020,71.2817
28012020,71.2899
27012020,71.4218
26012020,71.2913
25012020,71.2913
24012020,71.2913
23012020,71.3159
22012020,71.1278
21012020,71.1961
20012020,71.0726
19012020,71.0809
18012020,71.0809
17012020,71.0809
16012020,70.9294
15012020,70.7974
14012020,70.8309
13012020,70.8453
12012020,70.9508
11012020,70.9508
10012020,70.9508
09012020,71.2529
08012020,71.713
07012020,71.8448
06012020,71.9292
05012020,71.7758
04012020,71.7758
03012020,71.7758
02012020,71.3897
01012020,71.3788
31122019,71.3788
30122019,71.3308
29122019,71.4041
28122019,71.4041
27122019,71.4041
26122019,71.2568
25122019,71.2568
24122019,71.2568
23122019,71.2826
22122019,71.1936
21122019,71.1936
20122019,71.1936
19122019,71.0911
18122019,70.9807
17122019,70.9582
16122019,70.9728
15122019,70.7544
14122019,70.7544
13122019,70.7544
12122019,70.8768
11122019,70.8005
10122019,70.9226
09122019,71.0673
08122019,71.2489
07122019,71.2489
06122019,71.2489
05122019,71.2272
04122019,71.5292
03122019,71.746
02122019,71.6488
01122019,71.6513
30112019,71.6513
29112019,71.6513
28112019,71.6124
27112019,71.3503
26112019,71.5213
25112019,71.7088
24112019,71.6866
23112019,71.6866
22112019,71.6866
21112019,71.7406
20112019,71.8175
19112019,71.6778
18112019,71.8073
17112019,71.7446
16112019,71.7446
15112019,71.7446
14112019,71.9287
13112019,72.0689
12112019,71.6922
11112019,71.5429
10112019,71.2815
09112019,71.2815
08112019,71.2815
07112019,70.9118
06112019,70.9518
05112019,70.6895
04112019,70.73
03112019,70.7568
02112019,70.7568
01112019,70.7568
31102019,70.9275
30102019,70.9261
29102019,70.8562
28102019,70.7455
27102019,70.9026
26102019,70.9026
25102019,70.9026
24102019,71.0119
23102019,70.8662
22102019,70.9115
21102019,70.8574
20102019,71.1356
19102019,71.1356
18102019,71.1356
17102019,71.1586
16102019,71.4449
15102019,71.4963
14102019,71.1853
13102019,71.0744
12102019,71.0744
11102019,71.0744
10102019,71.0385
09102019,71.0627
08102019,71.1305
07102019,70.9938
06102019,70.9004
05102019,70.9004
04102019,70.9004
03102019,70.9666
02102019,71.238
01102019,71.1066
30092019,70.8619
29092019,70.4787
28092019,70.4787
27092019,70.4787
26092019,70.9088
25092019,71.0449
24092019,70.9475
23092019,70.9518
22092019,70.9814
21092019,70.9814
20092019,70.9814
19092019,71.3233
18092019,71.2087
17092019,71.7822
16092019,71.6005
15092019,70.9639
14092019,70.9639
13092019,70.9639
12092019,71.1466
11092019,71.6823
10092019,71.9035
09092019,71.6772
08092019,71.7153
07092019,71.7153
06092019,71.7153
05092019,71.8145
04092019,72.0539
03092019,72.412
02092019,71.9292
01092019,71.4358
31082019,71.4358
30082019,71.4358
29082019,71.6596
28082019,71.8131
27082019,71.526
26082019,72.025
25082019,71.671
24082019,71.671
23082019,71.671
22082019,71.8118
21082019,71.5648
20082019,71.7235
19082019,71.4041
18082019,71.1484
17082019,71.1484
16082019,71.1484
15082019,71.3188
14082019,71.275
13082019,71.4547
12082019,71.2399
11082019,70.8104
10082019,70.8104
09082019,70.8104
08082019,70.7362
07082019,70.882
06082019,70.8099
05082019,70.786
04082019,69.638
03082019,69.638
02082019,69.638
01082019,69.1057
31072019,68.7799
30072019,68.8161
29072019,68.7778
28072019,68.8993
27072019,68.8993
26072019,68.8993
25072019,68.9834
24072019,68.9663
23072019,68.9296
22072019,68.9331
21072019,68.8175
20072019,68.8175
19072019,68.8175
18072019,68.8993
17072019,68.8663
16072019,68.6866
15072019,68.5247
14072019,68.6413
13072019,68.6413
12072019,68.6413
11072019,68.3646
10072019,68.5838
09072019,68.5239
08072019,68.5649
07072019,68.4809
06072019,68.4809
05072019,68.4809
04072019,68.5095
03072019,68.8453
02072019,68.9567
01072019,68.9365
30062019,69.0018
29062019,69.0018
28062019,69.0018
27062019,69.1007
26062019,69.152
25062019,69.3471
24062019,69.4107
23062019,69.5462
22062019,69.5462
21062019,69.5462
20062019,69.4318
19062019,69.6667
18062019,69.7242
17062019,69.9457
16062019,69.7807
15062019,69.7807
14062019,69.7807
13062019,69.5141
12062019,69.32
11062019,69.4483
10062019,69.5907
09062019,69.4864
08062019,69.4864
07062019,69.4864
06062019,69.2508
05062019,69.3324
04062019,69.2583
03062019,69.2642
02062019,69.7166
01062019,69.7166
31052019,69.7166
30052019,69.8864
29052019,69.8212
28052019,69.6055
27052019,69.5289
26052019,69.545
25052019,69.545
24052019,69.545
23052019,69.9479
22052019,69.6983
21052019,69.6918
20052019,69.657
19052019,70.205
18052019,70.205
17052019,70.205
16052019,70.0428
15052019,70.3555
14052019,70.4058
13052019,70.5576
12052019,69.9978
11052019,69.9978
10052019,69.9978
09052019,69.9933
08052019,69.7023
07052019,69.4144
06052019,69.4102
05052019,69.2595
04052019,69.2595
03052019,69.2595
02052019,69.3739
01052019,69.5859
30042019,69.5859
29042019,69.8327
28042019,70.0166
27042019,70.0166
26042019,70.0166
25042019,70.2859
24042019,69.8501
23042019,69.6421
22042019,69.3938
21042019,69.3938
20042019,69.3938
19042019,69.3938
18042019,69.3938
17042019,69.4248
16042019,69.5661
15042019,69.425
14042019,69.156
13042019,69.156
12042019,69.156
11042019,68.968
10042019,69.1502
09042019,69.334
08042019,69.6439
07042019,69.2486
06042019,69.2486
05042019,69.2486
04042019,69.1621
03042019,68.4252
02042019,68.7531
01042019,69.3205
31032019,69.1758
30032019,69.1758
29032019,69.1758
28032019,69.3319
27032019,69.1413
26032019,68.865
25032019,68.9148
24032019,68.9772
23032019,68.9772
22032019,68.9772
21032019,68.562
20032019,68.818
19032019,68.9831
18032019,68.5356
17032019,69.0432
16032019,69.0432
15032019,69.0432
14032019,69.4759
13032019,69.5939
12032019,69.6386
11032019,69.8568
10032019,70.1595
09032019,70.1595
08032019,70.1595
07032019,69.9885
06032019,70.2627
05032019,70.5587
04032019,70.8856
03032019,70.8908
02032019,70.8908
01032019,70.8908
28022019,70.858
27022019,71.2792
26022019,71.1672
25022019,70.9216
24022019,71.1285
23022019,71.1285
22022019,71.1285
21022019,71.1146
20022019,71.1546
19022019,71.4525
18022019,71.4014
17022019,71.3686
16022019,71.3686
15022019,71.3686
14022019,71.1777
13022019,70.8235
12022019,70.6454
11022019,71.1363
10022019,71.2723
09022019,71.2723
08022019,71.2723
07022019,71.4725
06022019,71.5758
05022019,71.6445
04022019,71.8135
03022019,71.285
02022019,71.285
01022019,71.285
31012019,71.1055
30012019,71.1795
29012019,71.1837
28012019,71.1438
27012019,71.0682
26012019,71.0682
25012019,71.0682
24012019,71.1189
23012019,71.306
22012019,71.381
21012019,71.2317
20012019,71.1169
19012019,71.1169
18012019,71.1169
17012019,71.0569
16012019,71.1261
15012019,71.1056
14012019,70.8289
13012019,70.5346
12012019,70.5346
11012019,70.5346
10012019,70.3949
09012019,70.3942
08012019,70.1442
07012019,69.6282
06012019,69.6584
05012019,69.6584
04012019,69.6584
03012019,70.1516
02012019,70.1812
01012019,69.633
31122018,69.633
30122018,70.0415
29122018,70.0415
28122018,70.0415
27122018,70.2685
26122018,70.1429
25122018,70.1429
24122018,70.1429
23122018,70.1244
22122018,70.1244
21122018,70.1244
20122018,69.8184
19122018,70.2464
18122018,70.5397
17122018,71.6101
16122018,71.9761
15122018,71.9761
14122018,71.9761
13122018,71.6102
12122018,71.9989
11122018,71.9057
10122018,72.41
09122018,70.802
08122018,70.802
07122018,70.802
06122018,70.9145
05122018,70.5179
04122018,70.5338
03122018,70.4121
02122018,69.6201
01122018,69.6201
30112018,69.6201
29112018,69.849
28112018,70.5805
27112018,70.7645
26112018,70.8778
25112018,70.6519
24112018,70.6519
23112018,70.6519
22112018,70.6871
21112018,71.3051
20112018,71.4911
19112018,71.657
18112018,71.8963
17112018,71.8963
16112018,71.8963
15112018,71.977
14112018,72.3035
13112018,72.6747
12112018,72.89
11112018,72.5048
10112018,72.5048
09112018,72.5048
08112018,72.4085
07112018,72.4993
06112018,72.9598
05112018,73.08
04112018,72.4433
03112018,72.4433
02112018,72.4433
01112018,73.4486
31102018,73.9799
30102018,73.6265
29102018,73.4202
28102018,73.4597
27102018,73.4597
26102018,73.4597
25102018,73.2765
24102018,73.1631
23102018,73.5699
22102018,73.5566
21102018,73.3418
20102018,73.3418
19102018,73.3418
18102018,73.6071
17102018,73.6266
16102018,73.4616
15102018,73.8049
14102018,73.5653
13102018,73.5653
12102018,73.5653
11102018,74.092
10102018,74.2265
09102018,74.4066
08102018,74.0617
07102018,73.7732
06102018,73.7732
05102018,73.7732
04102018,73.5768
03102018,73.3608
02102018,73.3778
01102018,72.9119
30092018,72.4914
29092018,72.4914
28092018,72.4914
27092018,72.5916
26092018,72.6071
25092018,72.6947
24092018,72.6803
23092018,72.1919
22092018,72.1919
21092018,72.1919
20092018,72.0121
19092018,72.3849
18092018,72.9768
17092018,72.5178
16092018,71.8162
15092018,71.8162
14092018,71.8162
13092018,72.031
12092018,72.2231
11092018,72.6598
10092018,72.4548
09092018,71.7348
08092018,71.7348
07092018,71.7348
06092018,71.9593
05092018,71.7523
04092018,71.5849
03092018,71.215
02092018,71.0021
01092018,71.0021
31082018,71.0021
30082018,70.745
29082018,70.6179
28082018,70.108
27082018,70.165
26082018,69.9098
25082018,69.9098
24082018,69.9098
23082018,70.111
22082018,69.895
21082018,69.8152
20082018,69.8249
19082018,70.1602
18082018,70.1602
17082018,70.1602
16082018,70.1909
15082018,69.9262
14082018,69.9031
13082018,70.0171
12082018,68.8303
11082018,68.8303
10082018,68.8303
09082018,68.647
08082018,68.625
07082018,68.6821
06082018,68.8642
05082018,68.6158
04082018,68.6158
03082018,68.6158
02082018,68.6851
01082018,68.3742
31072018,68.5451
30072018,68.6379
29072018,68.6852
28072018,68.6852
27072018,68.6852
26072018,68.6651
25072018,68.7459
24072018,68.9475
23072018,68.8571
22072018,68.8269
21072018,68.8269
20072018,68.8269
19072018,69.0503
18072018,68.628
17072018,68.4552
16072018,68.5593
15072018,68.4806
14072018,68.4806
13072018,68.4806
12072018,68.5199
11072018,68.7725
10072018,68.8269
09072018,68.6729
08072018,68.8724
07072018,68.8724
06072018,68.8724
05072018,68.947
04072018,68.7399
03072018,68.5221
02072018,68.795
01072018,68.462
30062018,68.462
29062018,68.462
28062018,68.7931
27062018,68.6071
26062018,68.2912
25062018,68.0726
24062018,67.8486
23062018,67.8486
22062018,67.8486
21062018,67.962
20062018,68.1119
19062018,68.3778
18062018,68.0397
17062018,68.0153
16062018,68.0153
15062018,68.0153
14062018,67.598
13062018,67.608
12062018,67.4427
11062018,67.4283
10062018,67.5021
09062018,67.5021
08062018,67.5021
07062018,67.1156
06062018,66.9197
05062018,67.1499
04062018,67.0631
03062018,67.1129
02062018,67.1129
01062018,67.1129
31052018,67.3579
30052018,67.39
29052018,67.837
28052018,67.4407
27052018,67.7949
26052018,67.7949
25052018,67.7949
24052018,68.3774
23052018,68.4195
22052018,68.0096
21052018,68.1418
20052018,68.0006
19052018,68.0006
18052018,68.0006
17052018,67.7378
16052018,67.7974
15052018,68.0569
14052018,67.5296
13052018,67.337
12052018,67.337
11052018,67.337
10052018,67.2592
09052018,67.2624
08052018,67.0851
07052018,67.1349
06052018,66.8619
05052018,66.8619
04052018,66.8619
03052018,66.6248
02052018,66.6657
01052018,66.3701
30042018,66.3701
29042018,66.6649
28042018,66.6649
27042018,66.6649
26042018,66.7521
25042018,66.9754
24042018,66.3854
23042018,66.4198
22042018,66.1223
21042018,66.1223
20042018,66.1223
19042018,65.7874
18042018,65.6652
17042018,65.6373
16042018,65.4951
15042018,65.2074
14042018,65.2074
13042018,65.2074
12042018,65.2576
11042018,65.3048
10042018,64.9927
09042018,64.9825
08042018,64.9673
07042018,64.9673
06042018,64.9673
05042018,64.9274
04042018,65.1303
03042018,65.0097
02042018,65.17
01042018,65.17
31032018,65.17
30032018,65.17
29032018,65.17
28032018,65.1722
27032018,64.975
26032018,64.8703
25032018,65.0049
24032018,65.0049
23032018,65.0049
22032018,65.1047
21032018,65.21
20032018,65.1979
19032018,65.1925
18032018,64.9272
17032018,64.9272
16032018,64.9272
15032018,64.9502
14032018,64.8375
13032018,64.8602
12032018,65.0126
11032018,65.1953
10032018,65.1953
09032018,65.1953
08032018,65.13
07032018,64.8933
06032018,64.9299
05032018,65.1073
04032018,65.2376
03032018,65.2376
02032018,65.2376
01032018,65.175
28022018,65.1899
27022018,64.8752
26022018,64.7752
25022018,64.7626
24022018,64.7626
23022018,64.7626
22022018,65.0778
21022018,64.7576
20022018,64.8323
19022018,64.2526
18022018,64.2202
17022018,64.2202
16022018,64.2202
15022018,63.915
14022018,64.0723
13022018,64.2771
12022018,64.335
11022018,64.3726
10022018,64.3726
09022018,64.3726
08022018,64.2928
07022018,64.245
06022018,64.2724
05022018,64.1025
04022018,64.0574
03022018,64.0574
02022018,64.0574
01022018,64.0228
31012018,63.5627
30012018,63.6479
29012018,63.5799
28012018,63.6101
27012018,63.6101
26012018,63.6101
25012018,63.5649
24012018,63.6925
23012018,63.775
22012018,63.9125
21012018,63.8425
20012018,63.8425
19012018,63.8425
18012018,63.8504
17012018,63.9277
16012018,64.0474
15012018,63.5176
14012018,63.6001
13012018,63.6001
12012018,63.6001
11012018,63.6877
10012018,63.5949
09012018,63.7123
08012018,63.5075
07012018,63.3699
06012018,63.3699
05012018,63.3699
04012018,63.4049
03012018,63.4995
02012018,63.4898
01012018,63.8752
31122017,63.8752
30122017,63.8752
29122017,63.8752
28122017,64.0799
27122017,64.1551
26122017,64.0399
25122017,64.0399
24122017,64.0399
23122017,64.0399
22122017,64.0399
21122017,64.0252
20122017,64.1178
19122017,64.0299
18122017,64.2344
17122017,64.0424
16122017,64.0424
15122017,64.0424
14122017,64.3702
13122017,64.4317
12122017,64.3974
11122017,64.4121
10122017,64.4503
09122017,64.4503
08122017,64.4503
07122017,64.5775
06122017,64.5198
05122017,64.4058
04122017,64.3987
03122017,64.4973
02122017,64.4973
01122017,64.4973
30112017,64.4675
29112017,64.3122
28112017,64.4175
27112017,64.5022
26112017,64.6801
25112017,64.6801
24112017,64.6801
23112017,64.578
22112017,64.9
21112017,64.9176
20112017,65.1027
19112017,65.0123
18112017,65.0123
17112017,65.0123
16112017,65.3224
15112017,65.2154
14112017,65.4023
13112017,65.4521
12112017,65.1622
11112017,65.1622
10112017,65.1622
09112017,64.9699
08112017,64.9875
07112017,64.9948
06112017,64.6726
05112017,64.5226
04112017,64.5226
03112017,64.5226
02112017,64.602
01112017,64.5996
31102017,64.75
30102017,64.8949
29102017,65.0599
28102017,65.0599
27102017,65.0599
26102017,64.86
25102017,64.9249
24102017,65.1127
23102017,65.0226
22102017,65.01
21102017,65.01
20102017,65.01
19102017,65.0279
18102017,65.0528
17102017,65.0306
16102017,64.7424
15102017,64.9555
14102017,64.9555
13102017,64.9555
12102017,65.03
11102017,65.1445
10102017,65.2471
09102017,65.352
08102017,65.3831
07102017,65.3831
06102017,65.3831
05102017,65.1478
04102017,65.0216
03102017,65.5041
02102017,65.307
01102017,65.2795
30092017,65.2795
29092017,65.2795
28092017,65.4738
27092017,65.7125
26092017,65.4904
25092017,65.1079
24092017,64.7947
23092017,64.7947
22092017,64.7947
21092017,64.8043
20092017,64.2929
19092017,64.3313
18092017,64.1375
17092017,64.083
16092017,64.083
15092017,64.083
14092017,64.1224
13092017,63.9999
12092017,64.0564
11092017,63.911
10092017,63.7848
09092017,63.7848
08092017,63.7848
07092017,64.0151
06092017,64.1124
05092017,64.1274
04092017,64.0399
03092017,64.0331
02092017,64.0331
01092017,64.0331
31082017,63.9319
30082017,64.0253
29082017,64.0222
28082017,63.9048
27082017,64.0223
26082017,64.0223
25082017,64.0223
24082017,64.0323
23082017,64.0796
22082017,64.0995
21082017,64.1429
20082017,64.1452
19082017,64.1452
18082017,64.1452
17082017,64.1699
16082017,64.19
15082017,64.12
14082017,64.1171
13082017,64.17
12082017,64.17
11082017,64.17
10082017,64.105
09082017,63.8599
08082017,63.6419
07082017,63.8302
06082017,63.6194
05082017,63.6194
04082017,63.6194
03082017,63.6771
02082017,63.6801
01082017,64.0996
31072017,64.1859
30072017,64.1619
29072017,64.1619
28072017,64.1619
27072017,64.1551
26072017,64.3572
25072017,64.3852
24072017,64.3978
23072017,64.3399
22072017,64.3399
21072017,64.3399
20072017,64.4406
19072017,64.2951
18072017,64.3332
17072017,64.3452
16072017,64.3846
15072017,64.3846
14072017,64.3846
13072017,64.4499
12072017,64.5353
11072017,64.5901
10072017,64.495
09072017,64.5772
08072017,64.5772
07072017,64.5772
06072017,64.7628
05072017,64.7961
04072017,64.738
03072017,64.8579
02072017,64.6201
01072017,64.6201
30062017,64.6201
29062017,64.5869
28062017,64.5578
27062017,64.5101
26062017,64.448
25062017,64.5328
24062017,64.5328
23062017,64.5328
22062017,64.5998
21062017,64.5021
20062017,64.5128
19062017,64.4223
18062017,64.4323
17062017,64.4323
16062017,64.4323
15062017,64.6086
14062017,64.2997
13062017,64.3603
12062017,64.4399
11062017,64.2448
10062017,64.2448
09062017,64.2448
08062017,64.2413
07062017,64.347
06062017,64.4728
05062017,64.3631
04062017,64.4428
03062017,64.4428
02062017,64.4428
01062017,64.4652
31052017,64.4631
30052017,64.6572
29052017,64.5379
28052017,64.5029
27052017,64.5029
26052017,64.5029
25052017,64.6023
24052017,64.7347
23052017,64.8948
22052017,64.5353
21052017,64.5872
20052017,64.5872
19052017,64.5872
18052017,65.047
17052017,64.1009
16052017,64.0659
15052017,64.0471
14052017,64.3063
13052017,64.3063
12052017,64.3063
11052017,64.3702
10052017,64.546
09052017,64.656
08052017,64.3129
07052017,64.3783
06052017,64.3783
05052017,64.3783
04052017,64.186
03052017,64.1579
02052017,64.2258
01052017,64.2832
30042017,64.2832
29042017,64.2832
28042017,64.2832
27042017,64.1173
26042017,64.1228
25042017,64.2852
24042017,64.4478
23042017,64.6088
22042017,64.6088
21042017,64.6088
20042017,64.6231
19042017,64.5622
18042017,64.6021
17042017,64.4323
16042017,64.4323
15042017,64.4323
14042017,64.4323
13042017,64.4323
12042017,64.6766
11042017,64.4829
10042017,64.5599
09042017,64.325
08042017,64.325
07042017,64.325
06042017,64.5181
05042017,64.8932
04042017,65.1817
03042017,64.985
02042017,64.9111
01042017,64.9111
31032017,64.9111
30032017,64.9073
29032017,64.9042
28032017,65.0553
27032017,65.0354
26032017,65.3882
25032017,65.3882
24032017,65.3882
23032017,65.464
22032017,65.4201
21032017,65.2592
20032017,65.365
19032017,65.4289
18032017,65.4289
17032017,65.4289
16032017,65.3743
15032017,65.6632
14032017,65.7671
13032017,66.161
12032017,66.6345
11032017,66.6345
10032017,66.6345
09032017,66.7231
08032017,66.7829
07032017,66.632
06032017,66.6498
05032017,66.8168
04032017,66.8168
03032017,66.8168
02032017,66.7681
01032017,66.8338
28022017,66.65
27022017,66.6969
26022017,66.6081
25022017,66.6081
24022017,66.6081
23022017,66.7233
22022017,66.9866
21022017,66.9356
20022017,66.9391
19022017,67.1
18022017,67.1
17022017,67.1
16022017,66.9968
15022017,66.8882
14022017,66.813
13022017,66.9753
12022017,66.9334
11022017,66.9334
10022017,66.9334
09022017,66.7415
08022017,67.1444
07022017,67.422
06022017,67.163
05022017,67.321
04022017,67.321
03022017,67.321
02022017,67.2317
01022017,67.4272
31012017,67.6899
30012017,67.9506
29012017,68.0676
28012017,68.0676
27012017,68.0676
26012017,68.1841
25012017,68.0801
24012017,68.0955
23012017,68.1596
22012017,68.1739
21012017,68.1739
20012017,68.1739
19012017,68.136
18012017,68.1137
17012017,67.9834
16012017,68.1206
15012017,68.1629
14012017,68.1629
13012017,68.1629
12012017,67.9797
11012017,68.3914
10012017,68.2176
09012017,68.1699
08012017,67.9899
07012017,67.9899
06012017,67.9899
05012017,67.9358
04012017,68.0646
03012017,68.3688
02012017,68.1395
01012017,67.9191
31122016,67.9191
30122016,67.9191
29122016,68.014
28122016,68.2324
27122016,68.0163
26122016,67.8035
25122016,67.8035
24122016,67.8035
23122016,67.8035
22122016,67.9821
21122016,67.8802
20122016,68.0698
19122016,67.8589
18122016,67.8001
17122016,67.8001
16122016,67.8001
15122016,67.8016
14122016,67.4789
13122016,67.5391
12122016,67.4297
11122016,67.5642
10122016,67.5642
09122016,67.5642
08122016,67.3718
07122016,67.6449
06122016,67.8009
05122016,68.1644
04122016,68.256
03122016,68.256
02122016,68.256
01122016,68.3514
30112016,68.5087
29112016,68.6994
28112016,68.7202
27112016,68.5352
26112016,68.5352
25112016,68.5352
24112016,68.7566
23112016,68.7366
22112016,68.2952
21112016,68.1488
20112016,67.9434
19112016,67.9434
18112016,67.9434
17112016,67.8688
16112016,68.0686
15112016,67.7552
14112016,67.8111
13112016,67.2501
12112016,67.2501
11112016,67.2501
10112016,66.7357
09112016,66.5728
08112016,66.5959
07112016,66.7547
06112016,66.7443
05112016,66.7443
04112016,66.7443
03112016,66.7444
02112016,66.6706
01112016,66.7052
31102016,66.7769
30102016,66.7987
29102016,66.7987
28102016,66.7987
27102016,66.8193
26102016,66.8426
25102016,66.8111
24102016,66.8419
23102016,66.8979
22102016,66.8979
21102016,66.8979
20102016,66.7983
19102016,66.6627
18102016,66.7102
17102016,66.8151
16102016,66.7497
15102016,66.7497
14102016,66.7497
13102016,66.8939
12102016,66.7967
11102016,66.5908
10102016,66.5166
09102016,66.706
08102016,66.706
07102016,66.706
06102016,66.7363
05102016,66.5729
04102016,66.4846
03102016,66.5415
02102016,66.6298
01102016,66.6298
30092016,66.6298
29092016,66.8661
28092016,66.4512
27092016,66.4701
26092016,66.6489
25092016,66.623
24092016,66.623
23092016,66.623
22092016,66.624
21092016,66.9776
20092016,67.0261
19092016,66.9803
18092016,67.0203
17092016,67.0203
16092016,67.0203
15092016,66.9175
14092016,66.9201
13092016,66.8952
12092016,66.9076
11092016,66.7403
10092016,66.7403
09092016,66.7403
08092016,66.3801
07092016,66.3571
06092016,66.4912
05092016,66.4575
04092016,66.7935
03092016,66.7935
02092016,66.7935
01092016,66.9594
31082016,66.9747
30082016,67.04
29082016,67.1741
28082016,67.0035
27082016,67.0035
26082016,67.0035
25082016,67.0482
24082016,67.1164
23082016,67.0691
22082016,67.2139
21082016,67.1773
20082016,67.1773
19082016,67.1773
18082016,66.8079
17082016,66.8676
16082016,66.7641
15082016,66.8854
14082016,66.864
13082016,66.864
12082016,66.864
11082016,66.8482
10082016,66.6407
09082016,66.8884
08082016,66.835
07082016,66.7729
06082016,66.7729
05082016,66.7729
04082016,66.8768
03082016,66.895
02082016,66.714
01082016,66.7001
31072016,66.9549
30072016,66.9549
29072016,66.9549
28072016,67.0463
27072016,67.2095
26072016,67.3293
25072016,67.3488
24072016,67.0767
23072016,67.0767
22072016,67.0767
21072016,67.215
20072016,67.2045
19072016,67.134
18072016,67.1997
17072016,67.0246
16072016,67.0246
15072016,67.0246
14072016,66.8585
13072016,67.0299
12072016,67.0952
11072016,67.1432
10072016,67.3109
09072016,67.3109
08072016,67.3109
07072016,67.4227
06072016,67.421
05072016,67.4712
04072016,67.2531
03072016,67.3281
02072016,67.3281
01072016,67.3281
30062016,67.5196
29062016,67.6008
28062016,67.9193
27062016,67.9546
26062016,68.0047
25062016,68.0047
24062016,68.0047
23062016,67.3027
22062016,67.4956
21062016,67.5705
20062016,67.3562
19062016,67.085
18062016,67.085
17062016,67.085
16062016,67.3
15062016,67.1122
14062016,67.3096
13062016,67.1037
12062016,66.8082
11062016,66.8082
10062016,66.8082
09062016,66.7306
08062016,66.5504
07062016,66.7435
06062016,66.9658
05062016,67.2503
04062016,67.2503
03062016,67.2503
02062016,67.3016
01062016,67.4584
31052016,67.1965
30052016,67.1393
29052016,67.0371
28052016,67.0371
27052016,67.0371
26052016,67.0805
25052016,67.3784
24052016,67.6737
23052016,67.5223
22052016,67.4726
21052016,67.4726
20052016,67.4726
19052016,67.4661
18052016,66.9793
17052016,66.8214
16052016,66.8439
15052016,66.7805
14052016,66.7805
13052016,66.7805
12052016,66.6687
11052016,66.6084
10052016,66.6756
09052016,66.6047
08052016,66.6325
07052016,66.6325
06052016,66.6325
05052016,66.5045
04052016,66.5893
03052016,66.3954
02052016,66.4043
01052016,66.3847
30042016,66.3847
29042016,66.3847
28042016,66.5003
27042016,66.4667
26042016,66.5698
25042016,66.6007
24042016,66.5387
23042016,66.5387
22042016,66.5387
21042016,66.2787
20042016,66.1983
19042016,66.5525
18042016,66.5788
17042016,66.5921
16042016,66.5921
15042016,66.5921
14042016,66.5347
13042016,66.6038
12042016,66.3987
11042016,66.4666
10042016,66.5995
09042016,66.5995
08042016,66.5995
07042016,66.6257
06042016,66.6708
05042016,66.4586
04042016,66.105
03042016,66.3513
02042016,66.3513
01042016,66.3513
31032016,66.2537
30032016,66.3864
29032016,66.5306
28032016,66.863
27032016,66.863
26032016,66.863
25032016,66.863
24032016,66.863
23032016,66.7957
22032016,66.679
21032016,66.5365
20032016,66.2847
19032016,66.2847
18032016,66.2847
17032016,66.6422
16032016,67.235
15032016,67.3583
14032016,67.0612
13032016,67.0126
12032016,67.0126
11032016,67.0126
10032016,66.9287
09032016,67.1503
08032016,67.3073
07032016,67.0889
06032016,67.0839
05032016,67.0839
04032016,67.0839
03032016,67.275
02032016,67.5309
01032016,67.8532
29022016,68.316
28022016,68.6907
27022016,68.6907
26022016,68.6907
25022016,68.875
24022016,68.5625
23022016,68.5384
22022016,68.5605
21022016,68.4675
20022016,68.4675
19022016,68.4675
18022016,68.5187
17022016,68.4986
16022016,68.4207
15022016,68.072
14022016,68.2411
13022016,68.2411
12022016,68.2411
11022016,68.4366
10022016,67.855
09022016,68.0446
08022016,68.034
07022016,67.6537
06022016,67.6537
05022016,67.6537
04022016,67.6959
03022016,68.0417
02022016,67.9847
01022016,67.907
31012016,67.8607
30012016,67.8607
29012016,67.8607
28012016,68.225
27012016,68.05
26012016,67.8967
25012016,67.7737
24012016,67.63
23012016,67.63
22012016,67.63
21012016,67.9963
20012016,67.9955
19012016,67.615
18012016,67.6888
17012016,67.79
16012016,67.79
15012016,67.79
14012016,67.4301
13012016,66.865
12012016,66.87
11012016,66.8087
10012016,66.6795
09012016,66.6795
08012016,66.6795
07012016,66.8947
06012016,66.863
05012016,66.5865
04012016,66.6333
03012016,66.1537
02012016,66.1537
01012016,66.1537
31122015,66.1537
30122015,66.3875
29122015,66.3311
28122015,66.1025
27122015,66.21
26122015,66.21
25122015,66.21
24122015,66.21
23122015,66.21
22122015,66.2412
21122015,66.3155
20122015,66.4037
19122015,66.4037
18122015,66.4037
17122015,66.2669
16122015,66.7109
15122015,66.8936
14122015,67.145
13122015,67.0063
12122015,67.0063
11122015,67.0063
10122015,66.7473
09122015,66.84
08122015,66.8387
07122015,66.7337
06122015,66.7786
05122015,66.7786
04122015,66.7786
03122015,66.6613
02122015,66.5446
01122015,66.521
30112015,66.6675
29112015,66.7721
28112015,66.7721
27112015,66.7721
26112015,66.5663
25112015,66.3003
24112015,66.3395
23112015,66.3812
22112015,66.195
21112015,66.195
20112015,66.195
19112015,66.23
18112015,66.2201
17112015,66.0096
16112015,65.9902
15112015,66.1464
14112015,66.1464
13112015,66.1464
12112015,66.3138
11112015,66.2355
10112015,66.27
09112015,66.4225
08112015,65.9
07112015,65.9
06112015,65.9
05112015,65.8918
04112015,65.4863
03112015,65.7279
02112015,65.585
01112015,65.3676
31102015,65.3676
30102015,65.3676
29102015,65.364
28102015,65.0009
27102015,64.9637
26102015,64.9065
25102015,64.8288
24102015,64.8288
23102015,64.8288
22102015,65.1263
21102015,65.1263
20102015,65.0575
19102015,64.805
18102015,64.8672
17102015,64.8672
16102015,64.8672
15102015,64.825
14102015,64.9838
13102015,65.185
12102015,64.7525
11102015,64.8
10102015,64.8
09102015,64.8
08102015,65.0961
07102015,64.8979
06102015,65.3826
05102015,65.3
04102015,65.5125
03102015,65.5125
02102015,65.5125
01102015,65.5125
30092015,65.59
29092015,65.9953
28092015,66.1048
27092015,66.1563
26092015,66.1563
25092015,66.1563
24092015,66.2391
23092015,65.9812
22092015,65.8958
21092015,65.7153
20092015,65.6738
19092015,65.6738
18092015,65.6738
17092015,66.25
16092015,66.46
15092015,66.3638
14092015,66.3618
13092015,66.4685
12092015,66.4685
11092015,66.4685
10092015,66.4337
09092015,66.4113
08092015,66.5024
07092015,66.8569
06092015,66.4953
05092015,66.4953
04092015,66.4953
03092015,66.2425
02092015,66.1938
01092015,66.3097
31082015,66.402
30082015,66.1625
29082015,66.1625
28082015,66.1625
27082015,66.045
26082015,66.1945
25082015,66.0963
24082015,66.7723
23082015,65.9032
22082015,65.9032
21082015,65.9032
20082015,65.55
19082015,65.2737
18082015,65.315
17082015,65.315
16082015,65.0075
15082015,65.0075
14082015,65.0075
13082015,65.2291
12082015,64.719
11082015,64.205
10082015,63.8712
09082015,63.815
08082015,63.815
07082015,63.815
06082015,63.765
05082015,63.755
04082015,63.7525
03082015,64.0437
02082015,64.1362
01082015,64.1362
31072015,64.1362
30072015,64.0412
29072015,63.905
28072015,63.915
27072015,64.17
26072015,64.1196
25072015,64.1196
24072015,64.1196
23072015,63.7675
22072015,63.641
21072015,63.61
20072015,63.6551
19072015,63.4738
18072015,63.4738
17072015,63.4738
16072015,63.5109
15072015,63.4225
14072015,63.34
13072015,63.5419
12072015,63.4
11072015,63.4
10072015,63.4
09072015,63.39
08072015,63.5963
07072015,63.4846
06072015,63.4446
05072015,63.4388
04072015,63.4388
03072015,63.4388
02072015,63.5125
01072015,63.605
30062015,63.6226
29062015,63.8368
28062015,63.601
27062015,63.601
26062015,63.601
25062015,63.582
24062015,63.5883
23062015,63.615
22062015,63.5258
21062015,63.5625
20062015,63.5625
19062015,63.5625
18062015,63.7325
17062015,64.14
16062015,64.3093
15062015,64.1675
14062015,64.0796
13062015,64.0796
12062015,64.0796
11062015,63.9818
10062015,63.8748
09062015,63.9741
08062015,64.0889
07062015,63.7905
06062015,63.7905
05062015,63.7905
04062015,64.0065
03062015,63.9053
02062015,63.836
01062015,63.6991
31052015,63.8006
30052015,63.8006
29052015,63.8006
28052015,63.8225
27052015,64.0512
26052015,63.925
25052015,63.5599
24052015,63.4709
23052015,63.4709
22052015,63.4709
21052015,63.6128
20052015,63.7943
19052015,63.6988
18052015,63.668
17052015,63.6616
16052015,63.6616
15052015,63.6616
14052015,63.68
13052015,64.01
12052015,64.2892
11052015,63.844
10052015,63.9899
09052015,63.9899
08052015,63.9899
07052015,64.1556
06052015,63.54
05052015,63.4292
04052015,63.6622
03052015,63.5
02052015,63.5
01052015,63.5
30042015,63.5
29042015,63.4286
28042015,63.145
27042015,63.5674
26042015,63.5625
25042015,63.5625
24042015,63.5625
23042015,63.3225
22042015,62.9452
21042015,62.9057
20042015,62.973
19042015,62.395
18042015,62.395
17042015,62.395
16042015,62.2606
15042015,62.3713
14042015,62.3864
13042015,62.4214
12042015,62.3557
11042015,62.3557
10042015,62.3557
09042015,62.1974
08042015,62.245
07042015,62.3195
06042015,62.1819
05042015,62.1819
04042015,62.1819
03042015,62.1819
02042015,62.1819
01042015,62.4975
31032015,62.5279
30032015,62.6261
29032015,62.5184
28032015,62.5184
27032015,62.5184
26032015,62.7263
25032015,62.3714
24032015,62.3273
23032015,62.2775
22032015,62.332
21032015,62.332
20032015,62.332
19032015,62.583
18032015,62.76
17032015,62.7321
16032015,62.8723
15032015,63.028
14032015,63.028
13032015,63.028
12032015,62.4481
11032015,62.7813
10032015,62.7868
09032015,62.6805
08032015,62.3975
07032015,62.3975
06032015,62.3975
05032015,62.2548
04032015,62.2641
03032015,61.9219
02032015,61.9413
01032015,61.8169
28022015,61.8169
27022015,61.8169
26022015,61.7512
25022015,61.9675
24022015,62.2025
23022015,62.315
22022015,62.2342
21022015,62.2342
20022015,62.2342
19022015,62.2099
18022015,62.3021
17022015,62.1895
16022015,62.2139
15022015,62.17
14022015,62.17
13022015,62.17
12022015,62.2766
11022015,62.3555
10022015,62.195
09022015,62.1299
08022015,61.7142
07022015,61.7142
06022015,61.7142
05022015,61.7385
04022015,61.8326
03022015,61.7164
02022015,61.8687
01022015,62.0197
31012015,62.0197
30012015,62.0197
29012015,61.9004
28012015,61.405
27012015,61.3842
26012015,61.4275
25012015,61.4985
24012015,61.4985
23012015,61.4985
22012015,61.559
21012015,61.575
20012015,61.7065
19012015,61.7125
18012015,61.862
17012015,61.862
16012015,61.862
15012015,61.7835
14012015,62.1888
13012015,62.043
12012015,62.164
11012015,62.324
10012015,62.324
09012015,62.324
08012015,62.568
07012015,63.175
06012015,63.5723
05012015,63.4625
04012015,63.3563
03012015,63.3563
02012015,63.3563
01012015,63.19
31122014,63.19
30122014,63.461
29122014,63.6763
28122014,63.474
27122014,63.474
26122014,63.474
25122014,63.474
24122014,63.474
23122014,63.2925
22122014,63.2
21122014,63.305
20122014,63.305
19122014,63.305
18122014,63.0665
17122014,63.6225
16122014,63.988
15122014,63.24
14122014,62.464
13122014,62.464
12122014,62.464
11122014,62.411
10122014,62.075
09122014,61.9626
08122014,61.92
07122014,61.785
06122014,61.785
05122014,61.785
04122014,61.901
03122014,61.81
02122014,61.883
01122014,62.039
30112014,62.122
29112014,62.122
28112014,62.122
27112014,61.875
26112014,61.85
25112014,61.8923
24112014,61.909
23112014,61.6551
22112014,61.6551
21112014,61.6551
20112014,61.93
19112014,61.994
18112014,61.7508
17112014,61.828
16112014,61.8153
15112014,61.8153
14112014,61.8153
13112014,61.52
12112014,61.43
11112014,61.545
10112014,61.505
09112014,61.6362
08112014,61.6362
07112014,61.6362
06112014,61.4828
05112014,61.4993
04112014,61.405
03112014,61.405
02112014,61.365
01112014,61.365
31102014,61.365
30102014,61.434
29102014,61.2875
28102014,61.2325
27102014,61.305
26102014,61.185
25102014,61.185
24102014,61.185
23102014,61.185
22102014,61.226
21102014,61.201
20102014,61.295
19102014,61.43
18102014,61.43
17102014,61.43
16102014,61.858
15102014,61.425
14102014,61.461
13102014,60.995
12102014,61.335
11102014,61.335
10102014,61.335
09102014,60.9575
08102014,61.3919
07102014,61.425
06102014,61.4803
05102014,61.8165
04102014,61.8165
03102014,61.8165
02102014,61.8165
01102014,61.72
30092014,61.8743
29092014,61.615
28092014,61.2505
27092014,61.2505
26092014,61.2505
25092014,61.428
24092014,61
23092014,60.952
22092014,60.887
21092014,60.83
20092014,60.83
19092014,60.83
18092014,61.043
17092014,60.9191
16092014,61.0755
15092014,61.127
14092014,60.7818
13092014,60.7818
12092014,60.7818
11092014,60.955
10092014,60.955
09092014,60.605
08092014,60.2487
07092014,60.4063
06092014,60.4063
05092014,60.4063
04092014,60.2535
03092014,60.415
02092014,60.69
01092014,60.535
31082014,60.5171
30082014,60.5171
29082014,60.5171
28082014,60.63
27082014,60.4512
26082014,60.516
25082014,60.555
24082014,60.5225
23082014,60.5225
22082014,60.5225
21082014,60.671
20082014,60.7084
19082014,60.7333
18082014,60.8496
17082014,60.8665
16082014,60.8665
15082014,60.8665
14082014,60.8325
13082014,61.25
12082014,61.3
11082014,61.1351
10082014,61.19
09082014,61.19
08082014,61.19
07082014,61.2325
06082014,61.48
05082014,60.88
04082014,60.935
03082014,61.2355
02082014,61.2355
01082014,61.2355
31072014,60.5553
30072014,60.0892
29072014,60.172
28072014,60.062
27072014,60.095
26072014,60.095
25072014,60.095
24072014,60.13
23072014,60.05
22072014,60.22
21072014,60.305
20072014,60.34
19072014,60.34
18072014,60.34
17072014,60.1725
16072014,60.08
15072014,60.11
14072014,60.05
13072014,59.999
12072014,59.999
11072014,59.999
10072014,60.206
09072014,59.765
08072014,59.7931
07072014,60.0174
06072014,59.735
05072014,59.735
04072014,59.735
03072014,59.645
02072014,59.555
01072014,60.075
30062014,60.1862
29062014,60.105
28062014,60.105
27062014,60.105
26062014,60.18
25062014,60.1325
24062014,60.12
23062014,60.1555
22062014,60.1935
21062014,60.1935
20062014,60.1935
19062014,60.035
18062014,60.33
17062014,60.13
16062014,60.17
15062014,59.785
14062014,59.785
13062014,59.785
12062014,59.145
11062014,59.316
10062014,59.2131
09062014,59.0866
08062014,59.1825
07062014,59.1825
06062014,59.1825
05062014,59.192
04062014,59.3722
03062014,59.4086
02062014,59.1563
01062014,59.0887
31052014,59.0887
30052014,59.0887
29052014,58.9744
28052014,58.9275
27052014,58.84
26052014,58.715
25052014,58.5086
24052014,58.5086
23052014,58.5086
22052014,58.46
21052014,58.78
20052014,58.64
19052014,58.4761
18052014,58.916
17052014,58.916
16052014,58.916
15052014,59.29
14052014,59.4655
13052014,59.6231
12052014,60.05
11052014,60.025
10052014,60.025
09052014,60.025
08052014,59.943
07052014,60.065
06052014,60.0975
05052014,60.098
04052014,60.234
03052014,60.234
02052014,60.234
01052014,60.24
30042014,60.24
29042014,60.425
28042014,60.63
27042014,60.695
26042014,60.695
25042014,60.695
24042014,61.085
23042014,61.135
22042014,60.77
21042014,60.3262
20042014,60.3262
19042014,60.3262
18042014,60.3262
17042014,60.3262
16042014,60.3495
15042014,60.2325
14042014,60.1763
13042014,60.1763
12042014,60.1763
11042014,60.1763
10042014,60.156
09042014,60.135
08042014,60.125
07042014,60.1916
06042014,60.1971
05042014,60.1971
04042014,60.1971
03042014,60.175
02042014,59.8625
01042014,59.9674
31032014,59.8915
30032014,60.305
29032014,60.305
28032014,60.305
27032014,60.3415
26032014,60.1008
25032014,60.4489
24032014,60.7875
23032014,60.925
22032014,60.925
21032014,60.925
20032014,61.3325
19032014,60.945
18032014,61.146
17032014,61.2945
16032014,61.19
15032014,61.19
14032014,61.19
13032014,61.18
12032014,61.22
11032014,60.9538
10032014,60.8425
09032014,61.061
08032014,61.061
07032014,61.061
06032014,61.11
05032014,61.755
04032014,61.865
03032014,62.021
02032014,61.7575
01032014,61.7575
28022014,61.7575
27022014,61.985
26022014,62.135
25022014,61.9035
24022014,62.0638
23022014,62.1274
22022014,62.1274
21022014,62.1274
20022014,62.3654
19022014,62.2263
18022014,62.1091
17022014,61.8575
16022014,61.945
15022014,61.945
14022014,61.945
13022014,62.3364
12022014,62.105
11022014,62.2188
10022014,62.3545
09022014,62.4186
08022014,62.4186
07022014,62.4186
06022014,62.42
05022014,62.58
04022014,62.5276
03022014,62.5063
02022014,62.6576
01022014,62.6576
31012014,62.6576
30012014,62.6816
29012014,62.5448
28012014,62.5152
27012014,63.1015
26012014,62.6061
25012014,62.6061
24012014,62.6061
23012014,61.8784
22012014,61.8849
21012014,62.0435
20012014,61.5789
19012014,61.5504
18012014,61.5504
17012014,61.5504
16012014,61.5651
15012014,61.5433
14012014,61.4853
13012014,61.467
12012014,61.9048
11012014,61.9048
10012014,61.9048
09012014,62.1077
08012014,62.0274
07012014,62.1875
06012014,62.2453
05012014,62.1989
04012014,62.1989
03012014,62.1989
02012014,62.2675
01012014,61.8998
31122013,61.8998
30122013,61.8907
29122013,61.9828
28122013,61.9828
27122013,61.9828
26122013,61.7948
25122013,61.7948
24122013,61.7948
23122013,61.818
22122013,62.0403
21122013,62.0403
20122013,62.0403
19122013,62.3758
18122013,62.102
17122013,61.8838
16122013,61.7501
15122013,62.1658
14122013,62.1658
13122013,62.1658
12122013,62.008
11122013,61.3053
10122013,61.029
09122013,61.1347
08122013,61.6024
07122013,61.6024
06122013,61.6024
05122013,61.6927
04122013,61.9541
03122013,62.3575
02122013,62.3197
01122013,62.4304
30112013,62.4304
29112013,62.4304
28112013,62.4102
27112013,62.155
26112013,62.4839
25112013,62.4952
24112013,62.871
23112013,62.871
22112013,62.871
21112013,62.9402
20112013,62.4847
19112013,62.1797
18112013,62.303
17112013,63.1204
16112013,63.1204
15112013,63.1204
14112013,63.35
13112013,63.4409
12112013,63.6957
11112013,63.2403
10112013,62.7652
09112013,62.7652
08112013,62.7652
07112013,62.5903
06112013,62.4355
05112013,61.8134
04112013,62.2153
03112013,61.7286
02112013,61.7286
01112013,61.7286
31102013,61.4823
30102013,61.2374
29102013,61.4701
28102013,61.525
27102013,61.5286
26102013,61.5286
25102013,61.5286
24102013,61.4364
23102013,61.6521
22102013,61.5913
21102013,61.5644
20102013,61.265
19102013,61.265
18102013,61.265
17102013,61.2202
16102013,61.845
15102013,61.6201
14102013,61.4339
13102013,61.0799
12102013,61.0799
11102013,61.0799
10102013,61.1802
09102013,61.8557
08102013,61.7951
07102013,61.8273
06102013,61.5258
05102013,61.5258
04102013,61.5258
03102013,61.7397
02102013,62.5912
01102013,62.6228
30092013,62.8241
29092013,62.4976
28092013,62.4976
27092013,62.4976
26092013,62.0787
25092013,62.5111
24092013,62.98
23092013,62.6547
22092013,62.2776
21092013,62.2776
20092013,62.2776
19092013,61.9011
18092013,63.4497
17092013,63.3723
16092013,62.8472
15092013,63.5803
14092013,63.5803
13092013,63.5803
12092013,63.4507
11092013,63.3652
10092013,63.8897
09092013,65.2448
08092013,65.2451
07092013,65.2451
06092013,65.2451
05092013,66.115
04092013,67.0253
03092013,68.2448
02092013,66.2702
01092013,66.3748
31082013,66.3748
30082013,66.3748
29082013,66.9554
28082013,68.978
27082013,67.3152
26082013,64.4652
25082013,64.0247
24082013,64.0247
23082013,64.0247
22082013,64.8803
21082013,64.4576
20082013,63.57
19082013,63.3678
18082013,61.7136
17082013,61.7136
16082013,61.7136
15082013,61.3198
14082013,61.4438
13082013,61.2837
12082013,61.2748
11082013,60.7971
10082013,60.7971
09082013,60.7971
08082013,60.8615
07082013,61.2522
06082013,60.8087
05082013,60.875
04082013,61.1051
03082013,61.1051
02082013,61.1051
01082013,60.4435
31072013,60.4053
30072013,60.4848
29072013,59.4197
28072013,59.0422
27072013,59.0422
26072013,59.0422
25072013,59.1085
24072013,59.0797
23072013,59.7253
22072013,59.7235
21072013,59.5047
20072013,59.5047
19072013,59.5047
18072013,59.6502
17072013,59.4648
16072013,59.1447
15072013,59.8947
14072013,59.6302
13072013,59.6302
12072013,59.6302
11072013,59.8283
10072013,59.655
09072013,60.1447
08072013,60.7549
07072013,60.3648
06072013,60.3648
05072013,60.3648
04072013,60.2249
03072013,60.2647
02072013,59.6351
01072013,59.5444
30062013,59.4197
29062013,59.4197
28062013,59.4197
27062013,60.2003
26062013,60.7417
25062013,59.6749
24062013,59.6997
23062013,59.2716
22062013,59.2716
21062013,59.2716
20062013,59.6848
19062013,58.7953
18062013,58.7707
17062013,57.9051
16062013,57.5351
15062013,57.5351
14062013,57.5351
13062013,58.0849
12062013,57.815
11062013,58.405
10062013,58.1762
09062013,57.0762
08062013,57.0762
07062013,57.0762
06062013,56.841
05062013,56.785
04062013,56.4948
03062013,56.7451
02062013,56.5108
01062013,56.5108
31052013,56.5108
30052013,56.4346
29052013,56.1751
28052013,55.9654
27052013,55.5762
26052013,55.7462
25052013,55.7462
24052013,55.7462
23052013,55.7146
22052013,55.5653
21052013,55.415
20052013,55.0852
19052013,54.8652
18052013,54.8652
17052013,54.8652
16052013,54.775
15052013,54.7673
14052013,54.7654
13052013,54.7378
12052013,54.9053
11052013,54.9053
10052013,54.9053
09052013,54.2809
08052013,54.1249
07052013,54.0879
06052013,54.165
05052013,53.9248
04052013,53.9248
03052013,53.9248
02052013,53.7647
01052013,53.7599
30042013,53.7599
29042013,54.173
28042013,54.3249
27042013,54.3249
26042013,54.3249
25042013,54.1254
24042013,54.2204
23042013,54.3549
22042013,54.1467
21042013,53.9726
20042013,53.9726
19042013,53.9726
18042013,53.9724
17042013,54.2052
16042013,54.1047
15042013,54.6289
14042013,54.525
13042013,54.525
12042013,54.525
11042013,54.5247
10042013,54.5247
09042013,54.5399
08042013,54.5374
07042013,54.8347
06042013,54.8347
05042013,54.8347
04042013,54.8978
03042013,54.4551
02042013,54.1768
01042013,54.3272
31032013,54.3272
30032013,54.3272
29032013,54.3272
28032013,54.3272
27032013,54.4651
26032013,54.4328
25032013,54.226
24032013,54.3412
23032013,54.3412
22032013,54.3412
21032013,54.2448
20032013,54.3453
19032013,54.375
18032013,54.1248
17032013,54.005
16032013,54.005
15032013,54.005
14032013,54.3665
13032013,54.3063
12032013,54.1921
11032013,54.4128
10032013,54.3751
09032013,54.3751
08032013,54.3751
07032013,54.6126
06032013,54.7526
05032013,54.865
04032013,54.8651
03032013,54.9138
02032013,54.9138
01032013,54.9138
28022013,54.3728
27022013,53.8452
26022013,54.095
25022013,53.8252
24022013,54.2522
23022013,54.2522
22022013,54.2522
21022013,54.6049
20022013,54.077
19022013,54.3449
18022013,54.305
17022013,54.3002
16022013,54.3002
15022013,54.3002
14022013,53.9304
13022013,53.819
12022013,53.8355
11022013,53.8548
10022013,53.5053
09022013,53.5053
08022013,53.5053
07022013,53.2851
06022013,53.1545
05022013,53.1351
04022013,53.2748
03022013,53.1977
02022013,53.1977
01022013,53.1977
31012013,53.2251
30012013,53.29
29012013,53.7453
28012013,53.9148
27012013,53.7998
26012013,53.7998
25012013,53.7998
24012013,53.7553
23012013,53.6077
22012013,53.7201
21012013,53.7552
20012013,53.8457
19012013,53.8457
18012013,53.8457
17012013,54.3903
16012013,54.8347
15012013,54.6252
14012013,54.4997
13012013,54.7597
12012013,54.7597
11012013,54.7597
10012013,54.6535
09012013,54.7549
08012013,55.065
07012013,55.2251
06012013,55.0753
05012013,55.0753
04012013,55.0753
03012013,54.5047
02012013,54.3131
01012013,54.9947
31122012,54.9947
30122012,54.755
29122012,54.755
28122012,54.755
27122012,54.9623
26122012,54.9554
25122012,54.9554
24122012,54.9554
23122012,55.0753
22122012,55.0753
21122012,55.0753
20122012,54.8649
19122012,54.555
18122012,54.8551
17122012,54.8754
16122012,54.4912
15122012,54.4912
14122012,54.4912
13122012,54.2535
12122012,54.2554
11122012,54.27
10122012,54.505
09122012,54.475
08122012,54.475
07122012,54.475
06122012,54.1379
05122012,54.5564
04122012,54.6677
03122012,54.7767
02122012,54.4248
01122012,54.4248
30112012,54.4248
29112012,54.8253
28112012,55.4651
27112012,55.3599
26112012,55.6248
25112012,55.5351
24112012,55.5351
23112012,55.5351
22112012,55.1429
21112012,55.1152
20112012,55.0949
19112012,55.065
18112012,55.1754
17112012,55.1754
16112012,55.1754
15112012,54.6849
14112012,54.8091
13112012,54.9701
12112012,54.8748
11112012,54.7849
10112012,54.7849
09112012,54.7849
08112012,54.3648
07112012,54.2147
06112012,54.4352
05112012,54.6075
04112012,53.8109
03112012,53.8109
02112012,53.8109
01112012,53.7048
31102012,53.8136
30102012,53.9662
29102012,54.0851
28102012,53.7333
27102012,53.7333
26102012,53.7333
25102012,53.575
24102012,53.8317
23102012,53.7647
22102012,53.4747
21102012,53.8397
20102012,53.8397
19102012,53.8397
18102012,53.3976
17102012,52.8651
16102012,52.8553
15102012,53.0152
14102012,52.8188
13102012,52.8188
12102012,52.8188
11102012,52.6552
10102012,53.0026
09102012,52.712
08102012,52.6192
07102012,51.8551
06102012,51.8551
05102012,51.8551
04102012,51.735
03102012,52.2652
02102012,52.3952
01102012,52.4089
30092012,52.86
29092012,52.86
28092012,52.86
27092012,53.0752
26092012,53.515
25092012,53.315
24092012,53.4748
23092012,53.4647
22092012,53.4647
21092012,53.4647
20092012,54.3358
19092012,53.9948
18092012,54.0248
17092012,54.0547
16092012,54.3062
15092012,54.3062
14092012,54.3062
13092012,55.4276
12092012,55.2288
11092012,55.3249
10092012,55.4454
09092012,55.2849
08092012,55.2849
07092012,55.2849
06092012,55.6647
05092012,55.8912
04092012,55.661
03092012,55.5347
02092012,55.5277
01092012,55.5277
31082012,55.5277
30082012,55.6338
29082012,55.6301
28082012,55.675
27082012,55.6824
26082012,55.4849
25082012,55.4849
24082012,55.4849
23082012,55.2549
22082012,55.4916
21082012,55.3951
20082012,55.6992
19082012,55.7153
18082012,55.7153
17082012,55.7153
16082012,55.7749
15082012,55.6859
14082012,55.6598
13082012,55.344
12082012,55.2846
11082012,55.2846
10082012,55.2846
09082012,55.2947
08082012,55.415
07082012,55.0692
06082012,55.5271
05082012,55.755
04082012,55.755
03082012,55.755
02082012,55.8351
01082012,55.4741
31072012,55.6553
30072012,55.5847
29072012,55.3349
28072012,55.3349
27072012,55.3349
26072012,55.5253
25072012,56.1604
24072012,56.1196
23072012,55.9736
22072012,55.3549
21072012,55.3549
20072012,55.3549
19072012,55.0452
18072012,55.4422
17072012,55.0452
16072012,55.3256
15072012,55.1449
14072012,55.1449
13072012,55.1449
12072012,55.9246
11072012,55.6281
10072012,55.4147
09072012,55.9351
08072012,55.5143
07072012,55.5143
06072012,55.5143
05072012,54.9525
04072012,54.4873
03072012,54.3722
02072012,55.4419
01072012,55.695
30062012,55.695
29062012,55.695
28062012,56.8554
27062012,57.135
26062012,57.0148
25062012,57.0147
24062012,57.1521
23062012,57.1521
22062012,57.1521
21062012,56.3047
20062012,56.1548
19062012,55.9529
18062012,55.9946
17062012,55.4128
16062012,55.4128
15062012,55.4128
14062012,55.8147
13062012,55.6
12062012,55.8053
11062012,55.7454
10062012,55.4652
09062012,55.4652
08062012,55.4652
07062012,54.9448
06062012,55.3648
05062012,55.6449
04062012,55.6654
03062012,55.607
02062012,55.607
01062012,55.607
31052012,56.1098
30052012,56.2325
29052012,55.6752
28052012,55.1846
27052012,55.4089
26052012,55.4089
25052012,55.4089
24052012,55.62
23052012,56.0052
22052012,55.3446
21052012,54.9804
20052012,54.4674
19052012,54.4674
18052012,54.4674
17052012,54.4851
16052012,54.4952
15052012,53.7647
14052012,53.9649
13052012,53.6349
12052012,53.6349
11052012,53.6349
10052012,53.3377
09052012,53.8749
08052012,53.119
07052012,52.9103
06052012,53.4747
05052012,53.4747
04052012,53.4747
03052012,53.4253
02052012,52.8551
01052012,52.7047
30042012,52.7047
29042012,52.5096
28042012,52.5096
27042012,52.5096
26042012,52.5547
25042012,52.5451
24042012,52.6753
23042012,52.5748
22042012,52.0998
21042012,52.0998
20042012,52.0998
19042012,52.145
18042012,51.8048
17042012,51.4773
16042012,51.6585
15042012,51.3029
14042012,51.3029
13042012,51.3029
12042012,51.589
11042012,51.4751
10042012,51.4748
09042012,51.1746
08042012,51.1746
07042012,51.1746
06042012,51.1746
05042012,51.1746
04042012,51.0896
03042012,50.7052
02042012,50.8762
01042012,50.9449
31032012,50.9449
30032012,50.9449
29032012,51.3201
28032012,50.7798
27032012,50.7748
26032012,51.2052
25032012,51.2747
24032012,51.2747
23032012,51.2747
22032012,51.225
21032012,50.6752
20032012,50.4576
19032012,50.2152
18032012,50.1349
17032012,50.1349
16032012,50.1349
15032012,50.3753
14032012,50.0253
13032012,49.9747
12032012,49.9848
11032012,49.7953
10032012,49.7953
09032012,49.7953
08032012,50.405
07032012,50.4047
06032012,50.3847
05032012,49.795
04032012,49.4598
03032012,49.4598
02032012,49.4598
01032012,49.2751
29022012,48.9548
28022012,49.085
27022012,49.2852
26022012,49.0054
25022012,49.0054
24022012,49.0054
23022012,49.1504
22022012,49.1391
21022012,49.3299
20022012,49.1346
19022012,49.2401
18022012,49.2401
17022012,49.2401
16022012,49.3953
15022012,49.3752
14022012,49.4047
13022012,49.1497
12022012,49.4897
11022012,49.4897
10022012,49.4897
09022012,49.3551
08022012,49.1449
07022012,49.3449
06022012,49.0554
05022012,48.8047
04022012,48.8047
03022012,48.8047
02022012,49.1446
01022012,49.1651
31012012,49.4353
30012012,49.7597
29012012,49.3952
28012012,49.3952
27012012,49.3952
26012012,50.245
25012012,50.2449
24012012,50.1054
23012012,49.9946
22012012,50.2814
21012012,50.2814
20012012,50.2814
19012012,50.2804
18012012,50.399
17012012,50.6474
16012012,51.4247
15012012,51.4478
14012012,51.4478
13012012,51.4478
12012012,51.5201
11012012,51.8651
10012012,51.795
09012012,52.5024
08012012,52.7246
07012012,52.7246
06012012,52.7246
05012012,52.9247
04012012,52.9294
03012012,53.1197
02012012,53.305
01012012,53.1053
31122011,53.1053
30122011,53.1053
29122011,53.0522
28122011,52.8974
27122011,52.9375
26122011,52.8552
25122011,52.8552
24122011,52.8552
23122011,52.8552
22122011,52.6297
21122011,52.685
20122011,52.9754
19122011,52.935
18122011,52.6998
17122011,52.6998
16122011,52.6998
15122011,53.5371
14122011,53.9352
13122011,53.1902
12122011,52.8617
11122011,52.0749
10122011,52.0749
09122011,52.0749
08122011,51.7248
07122011,51.7171
06122011,51.3148
05122011,51.3748
04122011,51.105
03122011,51.105
02122011,51.105
01122011,51.3697
30112011,52.2552
29112011,52.0553
28112011,52.0348
27112011,52.2398
26112011,52.2398
25112011,52.2398
24112011,52.0347
23112011,52.4748
22112011,52.3753
21112011,52.3049
20112011,51.2552
19112011,51.2552
18112011,51.2552
17112011,50.9451
16112011,50.755
15112011,50.6799
14112011,50.3748
13112011,50.1225
12112011,50.1225
11112011,50.1225
10112011,50.025
09112011,50.165
08112011,49.48
07112011,49.1115
06112011,49.105
05112011,49.105
04112011,49.105
03112011,49.1447
02112011,49.1853
01112011,49.2801
31102011,48.6951
30102011,48.7662
29102011,48.7662
28102011,48.7662
27102011,49.5099
26102011,49.5074
25102011,49.51
24102011,49.8253
23102011,50.0246
22102011,50.0246
21102011,50.0246
20102011,49.8073
19102011,49.1647
18102011,49.3931
17102011,48.9547
16102011,49.0201
15102011,49.0201
14102011,49.0201
13102011,49.1302
12102011,48.9598
11102011,49.3253
10102011,48.9752
09102011,49.1603
08102011,49.1603
07102011,49.1603
06102011,49.3504
05102011,49.3499
04102011,49.4075
03102011,49.1604
02102011,48.9662
01102011,48.9662
30092011,48.9662
29092011,48.9666
28092011,48.7602
27092011,49.075
26092011,49.4474
25092011,49.4326
24092011,49.4326
23092011,49.4326
22092011,49.5776
21092011,48.3302
20092011,48.0547
19092011,47.8125
18092011,47.2551
17092011,47.2551
16092011,47.2551
15092011,47.5549
14092011,47.6502
13092011,47.5947
12092011,47.2298
11092011,46.5622
10092011,46.5622
09092011,46.5622
08092011,46.1948
07092011,46.1649
06092011,45.9848
05092011,45.9982
04092011,45.7874
03092011,45.7874
02092011,45.7874
01092011,46.0875
31082011,46.0692
30082011,46.0561
29082011,46.0551
28082011,46.1547
27082011,46.1547
26082011,46.1547
25082011,46.0448
24082011,46.005
23082011,45.6251
22082011,45.665
21082011,45.7497
20082011,45.7497
19082011,45.7497
18082011,45.7499
17082011,45.3685
16082011,45.39
15082011,45.3449
14082011,45.3453
13082011,45.3453
12082011,45.3453
11082011,45.3652
10082011,45.26
09082011,45.2099
08082011,44.9701
07082011,44.7453
06082011,44.7453
05082011,44.7453
04082011,44.5478
03082011,44.3203
02082011,44.2773
01082011,44.0749
31072011,44.195
30072011,44.195
29072011,44.195
28072011,44.0982
27072011,44.0849
26072011,44.1849
25072011,44.4047
24072011,44.3499
23072011,44.3499
22072011,44.3499
21072011,44.505
20072011,44.4548
19072011,44.5
18072011,44.5753
17072011,44.5151
16072011,44.5151
15072011,44.5151
14072011,44.5099
13072011,44.5179
12072011,44.7148
11072011,44.4657
10072011,44.3947
09072011,44.3947
08072011,44.3947
07072011,44.4353
06072011,44.4049
05072011,44.3953
04072011,44.4248
03072011,44.5852
02072011,44.5852
01072011,44.5852
30062011,44.6703
29062011,44.8672
28062011,45.0403
27062011,45.0377
26062011,44.9951
25062011,44.9951
24062011,44.9951
23062011,44.9536
22062011,44.8948
21062011,44.8473
20062011,45.0074
19062011,44.8676
18062011,44.8676
17062011,44.8676
16062011,44.9049
15062011,44.76
14062011,44.7377
13062011,44.8648
12062011,44.7149
11062011,44.7149
10062011,44.7149
09062011,44.7352
08062011,44.7022
07062011,44.6799
06062011,44.7602
05062011,44.8219
04062011,44.8219
03062011,44.8219
02062011,44.8292
01062011,44.8448
31052011,45.0574
30052011,45.0778
29052011,45.1651
28052011,45.1651
27052011,45.1651
26052011,45.3049
25052011,45.3302
24052011,45.2048
23052011,45.2375
22052011,45.0123
21052011,45.0123
20052011,45.0123
19052011,44.98
18052011,45.0552
17052011,45.1274
16052011,45.1601
15052011,44.8676
14052011,44.8676
13052011,44.8676
12052011,44.9975
11052011,44.6953
10052011,44.7548
09052011,44.7197
08052011,44.7948
07052011,44.7948
06052011,44.7948
05052011,44.7597
04052011,44.4698
03052011,44.5176
02052011,44.3398
01052011,44.2147
30042011,44.2147
29042011,44.2147
28042011,44.4302
27042011,44.4403
26042011,44.5201
25042011,44.3678
24042011,44.3678
23042011,44.3678
22042011,44.3678
21042011,44.3678
20042011,44.33
19042011,44.4847
18042011,44.4497
17042011,44.3329
16042011,44.3329
15042011,44.3329
14042011,44.6448
13042011,44.5049
12042011,44.3891
11042011,44.3889
10042011,44.0747
09042011,44.0747
08042011,44.0747
07042011,44.205
06042011,44.1699
05042011,44.4176
04042011,44.5878
03042011,44.5372
02042011,44.5372
01042011,44.5372
31032011,44.5872
30032011,44.7523
29032011,44.7825
28032011,44.8397
27032011,44.6752
26032011,44.6752
25032011,44.6752
24032011,44.7501
23032011,44.8451
22032011,44.9553
21032011,45.0099
20032011,45.0364
19032011,45.0364
18032011,45.0364
17032011,45.1514
16032011,45.1172
15032011,45.2463
14032011,45.0603
13032011,45.24
12032011,45.24
11032011,45.24
10032011,45.1827
09032011,45.005
08032011,45.0885
07032011,45.0528
06032011,44.9875
05032011,44.9875
04032011,44.9875
03032011,45.0426
02032011,44.9497
01032011,44.9497
28022011,45.2725
27022011,45.3248
26022011,45.3248
25022011,45.3248
24022011,45.4679
23022011,45.1322
22022011,45.2652
21022011,44.9876
20022011,45.2
19022011,45.2
18022011,45.2
17022011,45.3451
16022011,45.5204
15022011,45.5204
14022011,45.5
13022011,45.6877
12022011,45.6877
11022011,45.6877
10022011,45.7277
09022011,45.4679
08022011,45.2974
07022011,45.4696
06022011,45.5975
05022011,45.5975
04022011,45.5975
03022011,45.5948
02022011,45.56
01022011,45.7703
31012011,45.9078
30012011,45.7651
29012011,45.7651
28012011,45.7651
27012011,45.6059
26012011,45.7063
25012011,45.825
24012011,45.6267
23012011,45.6194
22012011,45.6194
21012011,45.6194
20012011,45.6354
19012011,45.4
18012011,45.4753
17012011,45.545
16012011,45.4412
15012011,45.4412
14012011,45.4412
13012011,45.1633
12012011,45.0975
11012011,45.1653
10012011,45.5351
09012011,45.4595
08012011,45.4595
07012011,45.4595
06012011,45.2849
05012011,45.3947
04012011,45.0399
03012011,44.6359
02012011,44.7223
01012011,44.7223
31122010,44.7223
30122010,44.9172
29122010,45.0327
28122010,45.0663
27122010,45.2383
26122010,45.1143
25122010,45.1143
24122010,45.1143
23122010,45.1393
22122010,45.0972
21122010,45.23
20122010,45.4202
19122010,45.3421
18122010,45.3421
17122010,45.3421
16122010,45.3822
15122010,45.3323
14122010,44.8872
13122010,45.1587
12122010,45.0219
11122010,45.0219
10122010,45.0219
09122010,45.2429
08122010,45.0972
07122010,44.6322
06122010,44.9322
05122010,45.0974
04122010,45.0974
03122010,45.0974
02122010,45.2946
01122010,45.3423
30112010,45.9609
29112010,45.9417
28112010,45.8548
27112010,45.8548
26112010,45.8548
25112010,45.5671
24112010,45.7081
23112010,45.5839
22112010,45.4349
21112010,45.3309
20112010,45.3309
19112010,45.3309
18112010,45.2297
17112010,45.3733
16112010,45.313
15112010,45.1651
14112010,44.6211
13112010,44.6211
12112010,44.6211
11112010,44.4752
10112010,44.305
09112010,44.3568
08112010,44.4205
07112010,44.0216
06112010,44.0216
05112010,44.0216
04112010,44.1849
03112010,44.33
02112010,44.3501
01112010,44.44
31102010,44.3963
30102010,44.3963
29102010,44.3963
28102010,44.5046
27102010,44.5352
26102010,44.5551
25102010,44.3589
24102010,44.5694
23102010,44.5694
22102010,44.5694
21102010,44.2951
20102010,44.3698
19102010,44.4065
18102010,44.3833
17102010,44.0997
16102010,44.0997
15102010,44.0997
14102010,44.1203
13102010,44.4763
12102010,44.6646
11102010,44.4403
10102010,44.4248
09102010,44.4248
08102010,44.4248
07102010,44.215
06102010,44.3851
05102010,44.6698
04102010,44.5553
03102010,44.5002
02102010,44.5002
01102010,44.5002
30092010,44.8762
29092010,44.9269
28092010,45.1597
27092010,45.0197
26092010,45.2565
25092010,45.2565
24092010,45.2565
23092010,45.587
22092010,45.5949
21092010,45.6677
20092010,45.7129
19092010,45.8292
18092010,45.8292
17092010,45.8292
16092010,46.1103
15092010,46.3508
14092010,46.4202
13092010,46.3987
12092010,46.2397
11092010,46.2397
10092010,46.2397
09092010,46.4722
08092010,46.6566
07092010,46.8205
06092010,46.5403
05092010,46.6098
04092010,46.6098
03092010,46.6098
02092010,46.7249
01092010,46.8148
31082010,47.0623
30082010,46.915
29082010,46.8953
28082010,46.8953
27082010,46.8953
26082010,46.8488
25082010,46.8961
24082010,46.9051
23082010,46.6703
22082010,46.6525
21082010,46.6525
20082010,46.6525
19082010,46.3696
18082010,46.4907
17082010,46.6174
16082010,46.805
15082010,46.7537
14082010,46.7537
13082010,46.7537
12082010,46.7748
11082010,46.7048
10082010,46.4022
09082010,46.1247
08082010,46.1597
07082010,46.1597
06082010,46.1597
05082010,46.1901
04082010,46.1646
03082010,46.1652
02082010,46.2449
01082010,46.4001
31072010,46.4001
30072010,46.4001
29072010,46.5353
28072010,46.7603
27072010,46.6577
26072010,47.0551
25072010,46.9349
24072010,46.9349
23072010,46.9349
22072010,47.1362
21072010,47.1647
20072010,47.3474
19072010,47.1151
18072010,46.78
17072010,46.78
16072010,46.78
15072010,46.6137
14072010,46.7307
13072010,46.7547
12072010,46.8108
11072010,46.6653
10072010,46.6653
09072010,46.6653
08072010,46.8626
07072010,47.051
06072010,46.8241
05072010,46.7752
04072010,46.7963
03072010,46.7963
02072010,46.7963
01072010,46.6272
30062010,46.4453
29062010,46.4847
28062010,46.2047
27062010,46.2852
26062010,46.2852
25062010,46.2852
24062010,46.4851
23062010,46.1853
22062010,46.2914
21062010,45.7509
20062010,46.1704
19062010,46.1704
18062010,46.1704
17062010,46.3051
16062010,46.5602
15062010,46.5255
14062010,46.4952
13062010,46.8451
12062010,46.8451
11062010,46.8451
10062010,46.9099
09062010,47.0211
08062010,46.9477
07062010,47.0951
06062010,46.8499
05062010,46.8499
04062010,46.8499
03062010,46.6702
02062010,46.9848
01062010,47.1551
31052010,46.3598
30052010,46.3781
29052010,46.3781
28052010,46.3781
27052010,46.8601
26052010,47.2947
25052010,47.7133
24052010,46.9846
23052010,46.9449
22052010,46.9449
21052010,46.9449
20052010,46.825
19052010,46.3553
18052010,45.5946
17052010,45.6199
16052010,45.2153
15052010,45.2153
14052010,45.2153
13052010,45.0715
12052010,45.1198
11052010,45.2804
10052010,44.85
09052010,45.4802
08052010,45.4802
07052010,45.4802
06052010,45.3147
05052010,44.9396
04052010,44.6153
03052010,44.4856
02052010,44.3597
01052010,44.3597
30042010,44.3597
29042010,44.5149
28042010,44.6448
27042010,44.4447
26042010,44.3953
25042010,44.4873
24042010,44.4873
23042010,44.4873
22042010,44.5071
21042010,44.5547
20042010,44.495
19042010,44.735
18042010,44.3147
17042010,44.3147
16042010,44.3147
15042010,44.4418
14042010,44.2299
13042010,44.5483
12042010,44.3879
11042010,44.285
10042010,44.285
09042010,44.285
08042010,44.4716
07042010,44.5097
06042010,44.4551
05042010,44.7
04042010,44.7
03042010,44.7
02042010,44.7
01042010,44.7
31032010,44.895
30032010,45.0987
29032010,44.9187
28032010,45.2183
27032010,45.2183
26032010,45.2183
25032010,45.5001
24032010,45.4416
23032010,45.5551
22032010,45.5853
21032010,45.5049
20032010,45.5049
19032010,45.5049
18032010,45.4553
17032010,45.3475
16032010,45.5185
15032010,45.5928
14032010,45.4413
13032010,45.4413
12032010,45.4413
11032010,45.6147
10032010,45.3828
09032010,45.6052
08032010,45.4582
07032010,45.5942
06032010,45.5942
05032010,45.5942
04032010,45.815
03032010,45.8251
02032010,45.9448
01032010,46.1449
28022010,46.1046
27022010,46.1046
26022010,46.1046
25022010,46.334
24022010,46.2826
23022010,46.2149
22022010,46.2153
21022010,46.3052
20022010,46.3052
19022010,46.3052
18022010,46.2748
17022010,46.1132
16022010,46.2118
15022010,46.3247
14022010,46.4928
13022010,46.4928
12022010,46.4928
11022010,46.5009
10022010,46.4949
09022010,46.6548
08022010,46.8102
07022010,46.7972
06022010,46.7972
05022010,46.7972
04022010,46.2548
03022010,45.9747
02022010,46.2079
01022010,46.3753
31012010,46.195
30012010,46.195
29012010,46.195
28012010,46.2797
27012010,46.2997
26012010,46.0206
25012010,46.2201
24012010,46.3099
23012010,46.3099
22012010,46.3099
21012010,46.0395
20012010,45.9503
19012010,45.805
18012010,45.5202
17012010,45.7075
16012010,45.7075
15012010,45.7075
14012010,45.6441
13012010,45.5449
12012010,45.722
11012010,45.3331
10012010,45.7577
09012010,45.7577
08012010,45.7577
07012010,45.7075
06012010,45.83
05012010,46.245
04012010,46.3
03012010,46.5362
02012010,46.5362
01012010,46.5362
31122009,46.5362
30122009,46.7708
29122009,46.6847
28122009,46.5706
27122009,46.6662
26122009,46.6662
25122009,46.6662
24122009,46.6662
23122009,46.8247
22122009,46.796
21122009,46.8402
20122009,46.7301
19122009,46.7301
18122009,46.7301
17122009,46.8863
16122009,46.6884
15122009,46.6749
14122009,46.6901
13122009,46.561
12122009,46.561
11122009,46.561
10122009,46.6395
09122009,46.5698
08122009,46.5509
07122009,46.51
06122009,46.295
05122009,46.295
04122009,46.295
03122009,46.0747
02122009,46.3353
01122009,46.275
30112009,46.4348
29112009,46.65
28112009,46.65
27112009,46.65
26112009,46.4448
25112009,46.2295
24112009,46.3551
23112009,46.4852
22112009,46.6061
21112009,46.6061
20112009,46.6061
19112009,46.6501
18112009,46.1603
17112009,46.3348
16112009,46.1898
15112009,46.2537
14112009,46.2537
13112009,46.2537
12112009,46.6405
11112009,46.3098
10112009,46.45
09112009,46.4469
08112009,46.7602
07112009,46.7602
06112009,46.7602
05112009,46.99
04112009,47.1039
03112009,47.3953
02112009,46.9097
01112009,47.0101
31102009,47.0101
30102009,47.0101
29102009,47.1903
28102009,47.2398
27102009,46.945
26102009,46.6303
25102009,46.51
24102009,46.51
23102009,46.51
22102009,46.74
21102009,46.46
20102009,46.1152
19102009,46.0799
18102009,46.2997
17102009,46.2997
16102009,46.2997
15102009,46.285
14102009,46.1152
13102009,46.3449
12102009,46.4897
11102009,46.4102
10102009,46.4102
09102009,46.4102
08102009,46.3199
07102009,46.6898
06102009,46.9203
05102009,47.5198
04102009,47.7471
03102009,47.7471
02102009,47.7471
01102009,47.7598
30092009,47.8051
29092009,48.1153
28092009,47.7536
27092009,47.94
26092009,47.94
25092009,47.94
24092009,47.9747
23092009,48.0051
22092009,47.9635
21092009,48.01
20092009,48.1353
19092009,48.1353
18092009,48.1353
17092009,48.1552
16092009,48.2353
15092009,48.6401
14092009,48.735
13092009,48.4747
12092009,48.4747
11092009,48.4747
10092009,48.605
09092009,48.5002
08092009,48.4447
07092009,48.6602
06092009,48.8901
05092009,48.8901
04092009,48.8901
03092009,48.9152
02092009,48.9747
01092009,49.0003
31082009,48.8999
30082009,48.6598
29082009,48.6598
28082009,48.6598
27082009,48.9151
26082009,48.8949
25082009,48.7552
24082009,48.6148
23082009,48.6301
22082009,48.6301
21082009,48.6301
20082009,48.7053
19082009,48.7954
18082009,48.7951
17082009,48.8999
16082009,48.2447
15082009,48.2447
14082009,48.2447
13082009,48.0599
12082009,48.3649
11082009,47.9599
10082009,47.8102
09082009,47.7649
08082009,47.7649
07082009,47.7649
06082009,47.5999
05082009,47.4198
04082009,47.5799
03082009,47.59
02082009,48.062
01082009,48.062
31072009,48.062
30072009,48.31
29072009,48.426
28072009,48.2149
27072009,48.1653
26072009,48.2301
25072009,48.2301
24072009,48.2301
23072009,48.4503
22072009,48.5202
21072009,48.4399
20072009,48.205
19072009,48.7303
18072009,48.7303
17072009,48.7303
16072009,48.6702
15072009,48.6301
14072009,48.965
13072009,49.0898
12072009,48.79
11072009,48.79
10072009,48.79
09072009,48.7098
08072009,48.89
07072009,48.2303
06072009,48.5752
05072009,47.8799
04072009,47.8799
03072009,47.8799
02072009,47.945
01072009,47.8951
30062009,47.7699
29062009,48.0502
28062009,48.1002
27062009,48.1002
26062009,48.1002
25062009,48.6026
24062009,48.5302
23062009,48.5527
22062009,48.4298
21062009,48.0103
20062009,48.0103
19062009,48.0103
18062009,48.1099
17062009,47.9899
16062009,47.5997
15062009,47.7148
14062009,47.6035
13062009,47.6035
12062009,47.6035
11062009,47.6147
10062009,47.3302
09062009,47.4898
08062009,47.5552
07062009,47.1122
06062009,47.1122
05062009,47.1122
04062009,47.2047
03062009,47.0599
02062009,47.0164
01062009,46.9627
31052009,47.1173
30052009,47.1173
29052009,47.1173
28052009,47.6097
27052009,47.67
26052009,47.8602
25052009,47.3048
24052009,47.1099
23052009,47.1099
22052009,47.1099
21052009,47.28
20052009,47.42
19052009,47.785
18052009,47.8902
17052009,49.3927
16052009,49.3927
15052009,49.3927
14052009,49.7102
13052009,49.71
12052009,49.3174
11052009,49.5101
10052009,49.2827
09052009,49.2827
08052009,49.2827
07052009,49.0998
06052009,49.5902
05052009,49.3002
04052009,49.91
03052009,49.9149
02052009,49.9149
01052009,49.9149
30042009,49.9149
29042009,50.0347
28042009,50.5172
27042009,50.2476
26042009,49.7748
25042009,49.7748
24042009,49.7748
23042009,49.9349
22042009,50.3298
21042009,50.4725
20042009,50.1797
19042009,49.8599
18042009,49.8599
17042009,49.8599
16042009,49.7575
15042009,49.6751
14042009,49.5752
13042009,49.9849
12042009,49.9849
11042009,49.9849
10042009,49.9849
09042009,49.9849
08042009,50.1897
07042009,50.0204
06042009,50
05042009,50.0797
04042009,50.0797
03042009,50.0797
02042009,50.3502
01042009,50.57
31032009,50.6402
30032009,51.5152
29032009,50.6454
28032009,50.6454
27032009,50.6454
26032009,50.1551
25032009,50.6699
24032009,50.7204
23032009,50.3791
22032009,50.5698
21032009,50.5698
20032009,50.5698
19032009,50.3101
18032009,51.2902
17032009,51.4101
16032009,51.4001
15032009,51.4948
14032009,51.4948
13032009,51.4948
12032009,51.8902
11032009,51.1599
10032009,51.56
09032009,51.8703
08032009,51.6954
07032009,51.6954
06032009,51.6954
05032009,51.7698
04032009,51.5348
03032009,51.9699
02032009,51.8847
01032009,51.0701
28022009,51.0701
27022009,51.0701
26022009,50.3951
25022009,49.8398
24022009,49.9177
23022009,49.825
22022009,49.6251
21022009,49.6251
20022009,49.6251
19022009,49.685
18022009,49.6801
17022009,49.4349
16022009,48.6197
15022009,48.4247
14022009,48.4247
13022009,48.4247
12022009,48.5904
11022009,48.6598
10022009,48.6651
09022009,48.6001
08022009,48.5253
07022009,48.5253
06022009,48.5253
05022009,48.6601
04022009,48.57
03022009,48.3999
02022009,48.6403
01022009,48.6899
31012009,48.6899
30012009,48.6899
29012009,48.7202
28012009,48.9253
27012009,48.7749
26012009,48.5697
25012009,49.1598
24012009,49.1598
23012009,49.1598
22012009,48.9248
21012009,49.2099
20012009,49.14
19012009,48.6201
18012009,48.5298
17012009,48.5298
16012009,48.5298
15012009,48.7803
14012009,48.6047
13012009,48.9247
12012009,48.845
11012009,48.1847
10012009,48.1847
09012009,48.1847
08012009,48.4152
07012009,48.815
06012009,48.6251
05012009,48.5149
04012009,48.4098
03012009,48.4098
02012009,48.4098